primary_model_score_bin,bank_txn_industry_primary_industry,sample_cnt,sample_pct,duedate_3m_30_valid_cnt,duedate_3m_30_bad_cnt,duedate_3m_30_good_cnt,duedate_3m_30_bad_rate,duedate_1m_5_valid_cnt,duedate_1m_5_bad_cnt,duedate_1m_5_good_cnt,duedate_1m_5_bad_rate,duedate_3m_30_amount_overdue_amount,duedate_3m_30_amount_principal_amount,duedate_3m_30_amount_overdue_rate,duedate_1m_5_amount_overdue_amount,duedate_1m_5_amount_principal_amount,duedate_1m_5_amount_overdue_rate,avg_PTI,avg_requested_loan_amount,avg_total_amount,avg_gross_surplus,avg_net_surplus,avg_total_income,avg_bank_txn_industry_primary_industry_amt,avg_bank_txn_industry_pay_interval_median,avg_bank_txn_industry_pay_interval_std,avg_bank_txn_industry_primary_employer_ratio,avg_bank_txn_industry_employer_cnt,apply_cnt,completed_application_cnt,approved_application_cnt,auto_approved_application_cnt,manual_approved_application_cnt,deal_sample_cnt,completion_rate,approval_rate,auto_approval_rate,manual_approval_rate,auto_approval_share,manual_approval_share,deal_rate
1,Accommodation and Food Services,59,0.0009052134155696708,30,3,27,0.1,52,2,50,0.038461538461538464,1100.0,65780.0,0.016722408026755852,5455.45,65780.0,0.08293478260869565,0.05298037354792457,2553.813559322034,1459.8305084745762,1763.5120621468925,1389.763163841808,7522.797768361582,35228.194406779665,9.11864406779661,2.388539335508475,0.8848487500508473,1.6610169491525424,59,59,59,15,44,59,1.0,1.0,0.2542372881355932,0.7457627118644068,0.2542372881355932,0.7457627118644068,1.0
1,Bank-issued Payroll Distribution,229,0.003513455460431434,133,6,127,0.045112781954887216,219,8,211,0.0365296803652968,5397.73,296325.0,0.018215574116257485,25154.72,296325.0,0.08488895638235046,0.051534622343567274,2584.3886462882097,1451.7467248908297,2747.293500727802,2306.697292576419,9096.607983988355,44522.544672489086,8.213973799126638,2.4912025930438597,0.889226544978166,1.6200873362445414,229,229,229,77,152,229,1.0,1.0,0.33624454148471616,0.6637554585152838,0.33624454148471616,0.6637554585152838,1.0
1,Cleaning/Security/Property Management,108,0.0016570008285004142,62,6,56,0.0967741935483871,101,6,95,0.0594059405940594,9536.759999999998,149975.0,0.06358899816636104,9795.67,149975.0,0.0653153525587598,0.048563099235092916,2280.5555555555557,1587.2685185185185,2474.3136728395057,2050.638055555555,9201.014614197533,43447.135555555564,10.032407407407407,2.4948910566759257,0.8804124642777779,1.5925925925925926,108,108,108,37,71,108,1.0,1.0,0.3425925925925926,0.6574074074074074,0.3425925925925926,0.6574074074074074,1.0
1,Construction,334,0.00512442848814017,204,21,183,0.10294117647058823,322,13,309,0.040372670807453416,21872.44,438400.0,0.049891514598540146,22014.23,438400.0,0.05021494069343065,0.048439063406462965,2622.556886227545,1471.9311377245508,3240.9936726546907,2779.1869011976046,10321.535464071856,48571.66520958084,8.580838323353293,2.2379347933323355,0.8882023251047905,1.6077844311377245,334,334,334,102,232,334,1.0,1.0,0.30538922155688625,0.6946107784431138,0.30538922155688625,0.6946107784431138,1.0
1,Education and Training,124,0.0019024824327226978,57,4,53,0.07017543859649122,118,5,113,0.0423728813559322,5473.5,153225.0,0.03572197748409202,7333.45,153225.0,0.047860662424539076,0.04365116402888703,2721.7741935483873,1413.3064516129032,2211.669032258065,1844.3587499999999,8759.825645161287,38457.30685483871,9.669354838709678,2.4506323330403226,0.845902742967742,1.7258064516129032,124,124,124,42,82,124,1.0,1.0,0.3387096774193548,0.6612903225806451,0.3387096774193548,0.6612903225806451,1.0
1,Financial and Insurance Services,72,0.0011046672190002762,31,4,27,0.12903225806451613,69,4,65,0.057971014492753624,5695.790000000001,104790.0,0.054354327703025104,8051.500000000001,104790.0,0.0768346216242008,0.05372676138943443,3140.972222222222,1677.638888888889,2515.7687268518516,2062.233935185185,9132.045300925925,43382.59638888889,8.375,1.926228242875,0.8714117143611111,1.7222222222222223,72,72,72,23,49,72,1.0,1.0,0.3194444444444444,0.6805555555555556,0.3194444444444444,0.6805555555555556,1.0
1,Government/Public Administration,365,0.005600049096320845,179,10,169,0.055865921787709494,323,12,311,0.03715170278637771,15607.5,467575.0,0.03337967171042079,23715.93,467575.0,0.05072112495321606,0.04993417905334613,2662.2602739726026,1561.9178082191781,2423.979109589041,1985.072694063927,9436.885799086758,43591.3862739726,10.721917808219178,2.260132456572603,0.8848996995506849,1.5863013698630137,365,365,365,110,255,365,1.0,1.0,0.3013698630136986,0.6986301369863014,0.3013698630136986,0.6986301369863014,1.0
1,Health Care and Social Assistance,166,0.0025468716438061924,88,3,85,0.03409090909090909,153,5,148,0.032679738562091505,5369.110000000001,211525.0,0.02538286254579837,9407.07,211525.0,0.04447261553007919,0.04842114707625373,2743.0722891566265,1539.4578313253012,2385.8011144578313,1979.4393875502003,8851.277369477912,39469.246204819276,9.710843373493976,2.588092461319277,0.8408750898012048,1.8132530120481927,166,166,166,41,125,166,1.0,1.0,0.2469879518072289,0.7530120481927711,0.2469879518072289,0.7530120481927711,1.0
1,Labor Dispatch/Recruitment,136,0.0020865936358894104,80,10,70,0.125,129,12,117,0.09302325581395349,14152.18,201750.0,0.07014711276332095,24586.38,201750.0,0.12186557620817845,0.05387331243451332,2795.7720588235293,1630.1470588235295,2831.7283455882352,2359.25449754902,9357.755747549018,40404.02705882353,8.121323529411764,2.531265862264706,0.8209307370000001,2.014705882352941,136,136,136,48,88,136,1.0,1.0,0.35294117647058826,0.6470588235294118,0.35294117647058826,0.6470588235294118,1.0
1,Manufacturing,75,0.0011506950197919543,41,1,40,0.024390243902439025,71,2,69,0.028169014084507043,1538.46,105800.0,0.014541209829867676,0.0,105800.0,0.0,0.05748096491872603,2933.0,1557.3333333333333,1785.9686,1368.8927777777776,7558.146555555554,35860.34453333333,8.873333333333333,2.2407484206,0.91297931688,1.5466666666666666,75,75,75,23,52,75,1.0,1.0,0.30666666666666664,0.6933333333333334,0.30666666666666664,0.6933333333333334,1.0
1,Mining,206,0.003160575654361901,112,12,100,0.10714285714285714,196,10,186,0.05102040816326531,15450.989999999998,275950.0,0.055991991302772236,19034.870000000003,275950.0,0.0689794165609712,0.04680380809808382,2543.6893203883496,1549.6359223300972,3036.1122411003234,2571.563551779935,10555.291521035597,53394.65373786407,13.932038834951456,2.918141040242718,0.920702818053398,1.3883495145631068,206,206,206,71,135,206,1.0,1.0,0.3446601941747573,0.6553398058252428,0.3446601941747573,0.6553398058252428,1.0
1,Retail Trade,177,0.0027156402467090122,91,7,84,0.07692307692307693,165,1,164,0.006060606060606061,8405.85,218425.0,0.038483918965319906,8016.26,218425.0,0.03670028613940712,0.05432945332803094,2369.491525423729,1465.819209039548,1897.4945668549906,1485.9314595103576,8085.136516007532,39475.55779661017,10.403954802259888,1.9265599067909602,0.915796207361582,1.4293785310734464,177,177,177,57,120,177,1.0,1.0,0.3220338983050847,0.6779661016949152,0.3220338983050847,0.6779661016949152,1.0
1,Social Services/Non-Profit Organizations,85,0.0013041210224308817,44,3,41,0.06818181818181818,77,4,73,0.05194805194805195,4844.4,111875.0,0.04330189944134078,3690.56,111875.0,0.03298824581005586,0.04812376880780443,2896.176470588235,1615.0,3066.59931372549,2630.3358823529406,10428.146529411766,41036.65247058823,8.58235294117647,2.7368462676470586,0.7967897398470589,1.9058823529411764,85,85,85,28,57,85,1.0,1.0,0.32941176470588235,0.6705882352941176,0.32941176470588235,0.6705882352941176,1.0
1,Sports/Entertainment/Gambling,35,0.0005369910092362453,18,0,18,0.0,32,1,31,0.03125,999.97,48000.0,0.020832708333333335,0.0,48000.0,0.0,0.05202765786542668,2777.1428571428573,1500.0,1940.1311428571428,1525.4682857142855,7973.286904761903,36626.64599999999,7.814285714285714,1.6606585886285714,0.8983077435714286,1.4285714285714286,35,35,35,11,24,35,1.0,1.0,0.3142857142857143,0.6857142857142857,0.3142857142857143,0.6857142857142857,1.0
1,Technical Services/Information Media,178,0.002730982846972905,104,11,93,0.10576923076923077,166,6,160,0.03614457831325301,17387.35,237875.0,0.07309448239621649,18949.78,237875.0,0.07966276405675249,0.051278753371527076,2715.449438202247,1574.5786516853932,2977.102125468165,2535.75979400749,9996.958735955055,45477.72140449438,10.713483146067416,2.5554955566573034,0.8845839521516854,1.5898876404494382,178,178,178,59,119,178,1.0,1.0,0.33146067415730335,0.6685393258426966,0.33146067415730335,0.6685393258426966,1.0
1,"Transport, Postal and Warehousing",183,0.0028076958482923684,106,12,94,0.11320754716981132,174,6,168,0.034482758620689655,13208.779999999999,263950.0,0.05004273536654669,11764.380000000001,263950.0,0.044570486834627776,0.051067405621561784,2822.158469945355,1588.7978142076502,2653.0832149362477,2197.0590801457192,9372.313888888888,45865.73163934425,10.193989071038251,2.251410651497268,0.8956396369398908,1.5737704918032787,183,183,183,67,116,183,1.0,1.0,0.366120218579235,0.6338797814207651,0.366120218579235,0.6338797814207651,1.0
1,Unknown,1553,0.023827058209825402,807,56,751,0.06939281288723669,1456,65,1391,0.044642857142857144,63595.119999999995,2088525.0,0.03044977675632324,107998.31999999999,2088525.0,0.051710331454016586,0.049909796478807514,2640.3097231165484,1560.592401802962,2591.457055162052,2155.9283150890747,9381.555403520068,46259.894610431424,10.028350515463918,2.622737207887242,0.8756081447656149,1.6587250482936253,1553,1553,1553,464,1089,1553,1.0,1.0,0.2987765614938828,0.7012234385061172,0.2987765614938828,0.7012234385061172,1.0
1,,7769,0.11919666145018258,7769,455,7314,0.05856609602265414,7769,306,7463,0.03938730853391685,507561.05000000005,10329060.0,0.04913913269939375,602434.39,10329060.0,0.05832422214606169,0.061013312305114115,2525.0091388853134,1329.5224610632,3019.6057472004113,2489.108346205003,9376.395190929763,,,,,,7769,7769,7769,3993,3776,7769,1.0,1.0,0.5139657613592483,0.4860342386407517,0.5139657613592483,0.4860342386407517,1.0
2,Accommodation and Food Services,114,0.0017490564300837706,59,6,53,0.1016949152542373,105,6,99,0.05714285714285714,5957.04,122875.0,0.04848048830111902,9235.91,122875.0,0.07516508646998983,0.05306191890977054,2232.6754385964914,1219.7368421052631,1261.0133040935673,950.2023099415204,6005.572178362575,28046.955175438594,9.793859649122806,1.524829467438596,0.9059584525877193,1.543859649122807,114,114,114,32,82,114,1.0,1.0,0.2807017543859649,0.7192982456140351,0.2807017543859649,0.7192982456140351,1.0
2,Bank-issued Payroll Distribution,324,0.004971002485501243,196,15,181,0.07653061224489796,304,15,289,0.049342105263157895,19876.7,370650.0,0.05362660191555376,18286.690000000002,370650.0,0.04933681370565224,0.05234485410046457,2458.8734567901233,1298.6882716049383,2274.7678858024688,1923.4026954732512,7354.497088477367,33178.838271604945,8.808641975308642,2.392930620018576,0.8861986456543209,1.7253086419753085,324,324,324,112,212,324,1.0,1.0,0.345679012345679,0.654320987654321,0.345679012345679,0.654320987654321,1.0
2,Cleaning/Security/Property Management,131,0.002009880634569947,72,3,69,0.041666666666666664,123,4,119,0.032520325203252036,4334.65,154200.0,0.028110570687418936,9094.85,154200.0,0.058980869001297016,0.051659970009834674,2321.7557251908397,1304.9618320610687,1665.9293256997453,1331.5144147582696,6730.282430025445,32083.0951908397,11.786259541984732,2.531019106625954,0.8935651826183205,1.5801526717557253,131,131,131,34,97,131,1.0,1.0,0.2595419847328244,0.7404580152671756,0.2595419847328244,0.7404580152671756,1.0
2,Construction,273,0.004188529872042714,152,17,135,0.1118421052631579,257,16,241,0.0622568093385214,22435.23,308575.0,0.07270592238515758,21027.58,308575.0,0.06814414647978612,0.05021231257402835,2309.798534798535,1284.5238095238096,2450.3004761904763,2091.290793650794,7857.251111111111,36215.008278388275,9.034798534798535,2.052559748575092,0.9405318934212455,1.380952380952381,273,273,273,103,170,273,1.0,1.0,0.3772893772893773,0.6227106227106227,0.3772893772893773,0.6227106227106227,1.0
2,Education and Training,151,0.002316732639847801,68,4,64,0.058823529411764705,141,5,136,0.03546099290780142,4487.18,155450.0,0.02886574461241557,6529.98,155450.0,0.042006947571566415,0.048206459662119165,2155.46357615894,1268.2119205298013,2168.4292715231786,1843.453090507726,7396.845607064019,31303.356092715236,11.059602649006623,1.652722328556291,0.9300992386357617,1.4834437086092715,151,151,151,44,107,151,1.0,1.0,0.2913907284768212,0.7086092715231788,0.2913907284768212,0.7086092715231788,1.0
2,Financial and Insurance Services,96,0.0014728896253337015,49,3,46,0.061224489795918366,88,6,82,0.06818181818181818,1986.8400000000001,94275.0,0.02107494033412888,6501.14,94275.0,0.06895932113497746,0.051130261880510904,2272.3958333333335,1222.1354166666667,1549.371597222222,1235.135190972222,6426.37282986111,29368.21458333333,10.052083333333334,1.6815529066562498,0.9160631525625001,1.3958333333333333,96,96,96,38,58,96,1.0,1.0,0.3958333333333333,0.6041666666666666,0.3958333333333333,0.6041666666666666,1.0
2,Government/Public Administration,398,0.006106354905029305,210,25,185,0.11904761904761904,362,13,349,0.03591160220994475,23739.26,406525.0,0.058395572228030254,27955.14,406525.0,0.0687661029456983,0.047484283392737706,2169.9120603015076,1231.2185929648242,1697.5892671691793,1370.0511641541036,7236.854698492461,32538.305603015073,11.469849246231156,1.9103421396851386,0.9172671166381909,1.4572864321608041,398,398,398,111,287,398,1.0,1.0,0.27889447236180903,0.7211055276381909,0.27889447236180903,0.7211055276381909,1.0
2,Health Care and Social Assistance,198,0.0030378348522507597,106,10,96,0.09433962264150944,188,5,183,0.026595744680851064,8088.89,214520.0,0.03770692709304494,8889.23,214520.0,0.04143776804027596,0.049771398772263026,2337.247474747475,1274.469696969697,1658.229663299663,1325.170648148148,7083.599326599326,30885.701313131314,10.977272727272727,2.5314066090858582,0.8838192073888889,1.6161616161616161,198,198,198,60,138,198,1.0,1.0,0.30303030303030304,0.696969696969697,0.30303030303030304,0.696969696969697,1.0
2,Labor Dispatch/Recruitment,160,0.0024548160422228358,88,7,81,0.07954545454545454,151,7,144,0.046357615894039736,11526.11,183150.0,0.06293262353262354,22177.21,183150.0,0.12108768768768768,0.049622545148400435,2368.28125,1283.4375,2156.9927708333335,1817.2391249999996,7285.100604166667,32481.160625,9.003125,2.7209537757874998,0.8937747955687501,1.625,160,160,160,59,101,160,1.0,1.0,0.36875,0.63125,0.36875,0.63125,1.0
2,Manufacturing,113,0.001733713829819878,62,3,59,0.04838709677419355,109,3,106,0.027522935779816515,1586.94,133375.0,0.011898331771321463,4801.59,133375.0,0.0360006747891284,0.05647899085585504,2209.29203539823,1327.212389380531,1510.7135103244837,1170.9677138643067,6070.84430678466,29516.459115044247,8.765486725663717,1.7984712755221237,0.9041700237876106,1.5663716814159292,113,113,113,37,76,113,1.0,1.0,0.3274336283185841,0.672566371681416,0.3274336283185841,0.672566371681416,1.0
2,Mining,160,0.0024548160422228358,80,10,70,0.125,151,9,142,0.059602649006622516,7323.719999999999,188575.0,0.038837173538379954,12998.31,188575.0,0.06892912634230412,0.047225306352104375,2158.49375,1287.03125,2981.7074895833334,2614.1708124999996,8724.742135416665,41415.474125,16.7125,3.3569804287625002,0.92358328868125,1.3875,160,160,160,51,109,160,1.0,1.0,0.31875,0.68125,0.31875,0.68125,1.0
2,Retail Trade,293,0.004495381877320568,137,9,128,0.06569343065693431,278,14,264,0.050359712230215826,5495.83,289275.0,0.018998634517327802,18676.170000000002,289275.0,0.06456199118485871,0.05019000116936827,2250.80204778157,1201.5699658703072,1449.4505290102388,1143.9030546075085,6406.812110352673,29933.864914675767,9.670648464163822,1.7612367958293516,0.9189324877440272,1.4812286689419796,293,293,293,73,220,293,1.0,1.0,0.24914675767918087,0.7508532423208191,0.24914675767918087,0.7508532423208191,1.0
2,Social Services/Non-Profit Organizations,102,0.001564945226917058,53,8,45,0.1509433962264151,96,2,94,0.020833333333333332,8622.58,106775.0,0.08075467103722782,8548.9,106775.0,0.08006462186841488,0.04992249074146118,2296.5686274509803,1267.4019607843138,1476.0178758169939,1144.9140359477124,6946.747761437908,29746.47147058824,10.196078431372548,2.428234501058823,0.878690992254902,1.7450980392156863,102,102,102,25,77,102,1.0,1.0,0.24509803921568626,0.7549019607843137,0.24509803921568626,0.7549019607843137,1.0
2,Sports/Entertainment/Gambling,59,0.0009052134155696708,35,0,35,0.0,55,1,54,0.01818181818181818,0.0,63750.0,0.0,361.11,63750.0,0.005664470588235294,0.0535678872866404,2308.898305084746,1297.457627118644,1314.0282485875705,995.1771751412427,6435.64559322034,31200.26677966102,11.5,1.4186537361016949,0.9558905261186441,1.3220338983050848,59,59,59,18,41,59,1.0,1.0,0.3050847457627119,0.6949152542372882,0.3050847457627119,0.6949152542372882,1.0
2,Technical Services/Information Media,226,0.003467427659639756,106,9,97,0.08490566037735849,207,9,198,0.043478260869565216,9347.6,233775.0,0.03998545610095177,9707.65,233775.0,0.04152561223398567,0.050584509963561265,2334.8451327433627,1249.225663716814,1738.4380383480825,1408.045435103245,6895.049675516224,32872.61725663717,11.234513274336283,2.183917475248889,0.9298328605486725,1.407079646017699,226,226,226,83,143,226,1.0,1.0,0.3672566371681416,0.6327433628318584,0.3672566371681416,0.6327433628318584,1.0
2,"Transport, Postal and Warehousing",129,0.0019791954340421616,62,6,56,0.0967741935483871,121,3,118,0.024793388429752067,5670.05,139950.0,0.04051482672382994,11232.44,139950.0,0.08026037870668096,0.050298935681181316,2572.4806201550387,1282.9457364341085,2189.0446382428936,1844.9628552971574,7616.954289405684,37497.427519379846,9.24031007751938,2.023600522945736,0.8915759390232557,1.5348837209302326,129,129,129,38,91,129,1.0,1.0,0.29457364341085274,0.7054263565891473,0.29457364341085274,0.7054263565891473,1.0
2,Unknown,1714,0.02629721685231213,923,76,847,0.08234019501625135,1597,73,1524,0.045710707576706325,78876.76999999999,1817305.0,0.04340315467134025,111580.12,1817305.0,0.06139867551126531,0.04950775172080082,2310.1971995332556,1244.0373395565928,1858.0107535978216,1529.8864303772848,7104.733163166083,33637.25600350058,10.649941656942824,2.1879636954696613,0.9146933419253209,1.4924154025670946,1714,1714,1714,572,1142,1714,1.0,1.0,0.3337222870478413,0.6662777129521587,0.3337222870478413,0.6662777129521587,1.0
2,,8605,0.1320230752707969,8594,740,7854,0.08610658599022573,8603,467,8136,0.054283389515285364,729508.7200000001,9583889.0,0.07611823550961411,836980.79,9583889.0,0.08733206217225596,0.06470947293329977,2193.666472980825,1115.074259151656,2154.1245043579315,1720.3941410032926,7124.234183807864,,,,,,8605,8605,8605,4530,4075,8605,1.0,1.0,0.52643811737362,0.47356188262638,0.52643811737362,0.47356188262638,1.0
3,Accommodation and Food Services,102,0.001564945226917058,48,3,45,0.0625,90,5,85,0.05555555555555555,2606.2799999999997,93175.0,0.0279718808693319,2581.29,93175.0,0.027703675878722835,0.051694582708009335,2065.4901960784314,1135.049019607843,1140.1488562091502,872.8482516339869,5387.972565359477,24978.01911764706,9.284313725490197,2.1297994228137256,0.8874658568529411,1.6470588235294117,102,102,102,33,69,102,1.0,1.0,0.3235294117647059,0.6764705882352942,0.3235294117647059,0.6764705882352942,1.0
3,Bank-issued Payroll Distribution,277,0.0042499002730982845,148,16,132,0.10810810810810811,254,9,245,0.03543307086614173,12845.45,257075.0,0.04996771370222698,19560.38,257075.0,0.07608822328114363,0.04850827040225978,2115.3429602888086,1067.6895306859205,1759.4990012033693,1479.7553489771358,6155.359518652225,25744.70588447653,8.667870036101084,2.945194127068592,0.8907798543790615,1.5848375451263539,277,277,277,105,172,277,1.0,1.0,0.37906137184115524,0.6209386281588448,0.37906137184115524,0.6209386281588448,1.0
3,Cleaning/Security/Property Management,125,0.0019178250329865906,54,4,50,0.07407407407407407,112,7,105,0.0625,5136.35,103400.0,0.04967456479690523,6013.99,103400.0,0.05816237911025145,0.04835644947286848,2219.8,1065.4,1362.3051866666667,1082.3709866666666,6132.718279999999,27519.16824,10.9,2.766390094176,0.927956745392,1.448,125,125,125,37,88,125,1.0,1.0,0.296,0.704,0.296,0.704,1.0
3,Construction,263,0.004035103869403787,142,21,121,0.14788732394366197,242,21,221,0.08677685950413223,21431.58,236225.0,0.09072528309874062,26838.260000000002,236225.0,0.11361312308180761,0.04572646998722791,2067.490494296578,1052.851711026616,1988.164391634981,1700.8766666666666,6682.8611470215465,29641.34178707224,8.891634980988593,2.3236514368935355,0.9201754329239545,1.494296577946768,263,263,263,91,172,263,1.0,1.0,0.34600760456273766,0.6539923954372624,0.34600760456273766,0.6539923954372624,1.0
3,Education and Training,155,0.002378103040903372,81,8,73,0.09876543209876543,140,11,129,0.07857142857142857,5970.299999999999,131150.0,0.045522683949675936,8615.09,131150.0,0.06568882958444529,0.04387770770540819,2050.967741935484,1020.0,1478.8460322580643,1214.2743655913978,6327.58617204301,26117.044838709677,11.335483870967742,2.6830817192774195,0.9144708022709676,1.4903225806451612,155,155,155,55,100,155,1.0,1.0,0.3548387096774194,0.6451612903225806,0.3548387096774194,0.6451612903225806,1.0
3,Financial and Insurance Services,85,0.0013041210224308817,46,4,42,0.08695652173913043,78,2,76,0.02564102564102564,2010.4,72200.0,0.02784487534626039,4503.360000000001,72200.0,0.062373407202216076,0.04818292019778454,2118.529411764706,1041.764705882353,1338.4129607843138,1070.6121960784315,5859.234333333333,27528.870117647064,10.41764705882353,2.0075726599882353,0.9265105713058824,1.411764705882353,85,85,85,26,59,85,1.0,1.0,0.3058823529411765,0.6941176470588235,0.3058823529411765,0.6941176470588235,1.0
3,Government/Public Administration,337,0.005170456288931848,184,22,162,0.11956521739130435,308,29,279,0.09415584415584416,19636.149999999998,309625.0,0.0634191360516754,23995.97,309625.0,0.0775001049656843,0.0441724178047774,2035.979228486647,1076.7507418397627,1542.663452027695,1269.4138031651828,6600.981068249259,28592.380207715138,11.823442136498516,2.3842402689465874,0.9332649611543027,1.4124629080118694,337,337,337,101,236,337,1.0,1.0,0.2997032640949555,0.7002967359050445,0.2997032640949555,0.7002967359050445,1.0
3,Health Care and Social Assistance,198,0.0030378348522507597,109,12,97,0.11009174311926606,177,10,167,0.05649717514124294,11374.710000000001,196525.0,0.057879201119450455,14644.04,196525.0,0.07451489632362296,0.04771999597538545,2128.9141414141413,1160.6060606060605,1567.64702020202,1293.3404545454543,6349.630488215487,25287.798737373738,12.012626262626263,2.0667435114848485,0.9196459325353535,1.5252525252525253,198,198,198,45,153,198,1.0,1.0,0.22727272727272727,0.7727272727272727,0.22727272727272727,0.7727272727272727,1.0
3,Labor Dispatch/Recruitment,182,0.002792353248028476,107,12,95,0.11214953271028037,172,8,164,0.046511627906976744,12204.3,164550.0,0.07416773017319964,15155.52,164550.0,0.0921028258887876,0.046914383929064496,2266.2087912087914,1081.456043956044,1794.0141666666661,1518.4365476190476,6296.19369047619,26080.13626373627,8.642857142857142,3.249355076763736,0.8736144354560439,1.6758241758241759,182,182,182,55,127,182,1.0,1.0,0.3021978021978022,0.6978021978021978,0.3021978021978022,0.6978021978021978,1.0
3,Manufacturing,111,0.0017030286292920925,62,8,54,0.12903225806451613,105,8,97,0.0761904761904762,8302.38,113950.0,0.07285985081175954,13567.27,113950.0,0.1190633611232997,0.053161344948267776,2349.099099099099,1140.3153153153153,1550.6198948948947,1245.6752252252252,6135.807927927928,27907.228828828836,8.40990990990991,1.774264809209091,0.9113748366756758,1.5675675675675675,111,111,111,33,78,111,1.0,1.0,0.2972972972972973,0.7027027027027027,0.2972972972972973,0.7027027027027027,1.0
3,Mining,108,0.0016570008285004142,60,8,52,0.13333333333333333,105,8,97,0.0761904761904762,6102.3,101050.0,0.06038891637803068,8440.03,101050.0,0.08352330529440871,0.04448284464455655,1871.5277777777778,1071.5277777777778,2080.1448456790126,1774.0042746913578,7320.224567901233,33242.357037037036,14.717592592592593,3.0213090199351855,0.9527254200833332,1.3518518518518519,108,108,108,27,81,108,1.0,1.0,0.25,0.75,0.25,0.75,1.0
3,Retail Trade,288,0.004418668876001105,160,16,144,0.1,270,13,257,0.04814814814814815,14086.969999999998,268575.0,0.05245078655868937,16907.989999999998,268575.0,0.062954444754724,0.04930282303294661,2202.1701388888887,1109.8090277777778,1356.9694155092593,1080.7047453703703,6018.8487094907405,25898.57760416667,10.43923611111111,1.8876347033972125,0.9136022119618057,1.5069444444444444,288,288,288,102,186,288,1.0,1.0,0.3541666666666667,0.6458333333333334,0.3541666666666667,0.6458333333333334,1.0
3,Social Services/Non-Profit Organizations,88,0.0013501488232225598,49,8,41,0.16326530612244897,80,4,76,0.05,7199.54,77225.0,0.09322809970864357,8090.92,77225.0,0.10477073486565232,0.045025590381395246,2206.818181818182,1055.965909090909,1681.1572916666667,1406.8619696969697,6583.670511363635,26289.97704545455,10.426136363636363,2.789993366704546,0.8884120183863636,1.7045454545454546,88,88,88,32,56,88,1.0,1.0,0.36363636363636365,0.6363636363636364,0.36363636363636365,0.6363636363636364,1.0
3,Sports/Entertainment/Gambling,67,0.0010279542176808126,28,3,25,0.10714285714285714,64,2,62,0.03125,4106.25,62725.0,0.0654643284176963,5075.34,62725.0,0.08091414906337187,0.050366210820293494,1907.4626865671642,1133.955223880597,1096.9471144278605,809.6319154228854,5917.31251243781,27346.94402985075,11.253731343283581,1.4157634071641791,0.9480057318805971,1.4328358208955223,67,67,67,21,46,67,1.0,1.0,0.31343283582089554,0.6865671641791045,0.31343283582089554,0.6865671641791045,1.0
3,Technical Services/Information Media,203,0.0031145478535702232,108,12,96,0.1111111111111111,188,6,182,0.031914893617021274,9662.11,184306.0,0.05242428352847981,14724.73,184306.0,0.07989284125313337,0.04816649845291054,2024.5073891625616,1064.9310344827586,1490.582988505747,1208.1697290640393,6233.753489326764,28134.052216748772,10.472906403940886,2.406728378684729,0.927096036689655,1.4433497536945812,203,203,203,59,144,203,1.0,1.0,0.29064039408866993,0.7093596059113301,0.29064039408866993,0.7093596059113301,1.0
3,"Transport, Postal and Warehousing",152,0.0023320752401116943,87,11,76,0.12643678160919541,147,11,136,0.07482993197278912,8083.72,154600.0,0.05228796895213454,12684.919999999998,154600.0,0.08204993531694695,0.04853256655618682,2368.9144736842104,1156.7434210526317,1692.4266666666665,1385.9740460526316,6685.334956140351,29800.46361842105,9.907894736842104,2.391717002986755,0.9122830465328947,1.486842105263158,152,152,152,47,105,152,1.0,1.0,0.3092105263157895,0.6907894736842105,0.3092105263157895,0.6907894736842105,1.0
3,Unknown,1825,0.028000245481604222,1007,125,882,0.12413108242303873,1701,109,1592,0.06407995296884186,115393.85,1702237.0,0.06778953224492242,144882.43,1702237.0,0.08511296018122036,0.04754764448054999,2107.041095890411,1091.4312328767123,1638.9456045662102,1354.424399086758,6374.564139726027,28479.934257534245,10.802140504939628,2.5312269470241757,0.9163840965446575,1.4778082191780821,1825,1825,1825,603,1222,1825,1.0,1.0,0.3304109589041096,0.6695890410958905,0.3304109589041096,0.6695890410958905,1.0
3,,8878,0.13621160514283961,8812,977,7835,0.11087153881071267,8858,597,8261,0.06739670354481825,800136.47,8571990.0,0.09334314085760716,920224.11,8571990.0,0.10735244791466159,0.06452267642952599,1979.8183149357963,971.6760531651273,1919.2491257415334,1532.2502055643163,6334.560615754299,,,,,,8878,8878,8878,4526,4352,8878,1.0,1.0,0.5097995043928812,0.4902004956071187,0.5097995043928812,0.4902004956071187,1.0
4,Accommodation and Food Services,108,0.0016570008285004142,60,9,51,0.15,99,5,94,0.050505050505050504,8349.49,79900.0,0.10449924906132665,9580.22,79900.0,0.1199026282853567,0.04462584069602836,2019.4907407407406,910.4166666666666,1509.977885802469,1282.4074691358023,5358.151419753086,21747.492129629627,9.101851851851851,1.4885280194444444,0.9002802154166667,1.4907407407407407,108,108,108,37,71,108,1.0,1.0,0.3425925925925926,0.6574074074074074,0.3425925925925926,0.6574074074074074,1.0
4,Bank-issued Payroll Distribution,287,0.004403326275737212,152,29,123,0.19078947368421054,275,20,255,0.07272727272727272,28325.199999999997,227550.0,0.1244790156009668,36428.44,227550.0,0.16008982641177763,0.046304577877684334,1947.0383275261324,904.4425087108013,1759.1834030197444,1523.6252903600464,5577.598890824622,22118.495470383274,9.001742160278745,2.6139187018292684,0.9211679031567945,1.529616724738676,287,287,287,94,193,287,1.0,1.0,0.32752613240418116,0.6724738675958188,0.32752613240418116,0.6724738675958188,1.0
4,Cleaning/Security/Property Management,120,0.001841112031667127,70,6,64,0.08571428571428572,111,11,100,0.0990990990990991,3873.36,99075.0,0.03909523088569266,10358.17,99075.0,0.10454877617966188,0.042103252020596366,2076.25,938.75,1636.676888888889,1398.4150555555555,5989.801458333332,24325.571333333333,11.708333333333334,2.7761891414166664,0.9239871661666667,1.5,120,120,120,42,78,120,1.0,1.0,0.35,0.65,0.35,0.65,1.0
4,Construction,269,0.0041271594709871426,149,24,125,0.1610738255033557,257,24,233,0.0933852140077821,21469.519999999997,230070.0,0.09331733820141695,29471.39,230070.0,0.12809749206763157,0.04441510303390193,2153.8104089219332,953.6988847583643,1891.2852664188354,1629.3521003717474,6244.617094175961,26324.082676579925,9.451672862453531,2.730078202330855,0.9155177507211896,1.4646840148698885,269,269,269,80,189,269,1.0,1.0,0.29739776951672864,0.7026022304832714,0.29739776951672864,0.7026022304832714,1.0
4,Education and Training,153,0.002347417840375587,87,13,74,0.14942528735632185,139,11,128,0.07913669064748201,9939.61,121800.0,0.08160599343185551,17157.77,121800.0,0.1408683908045977,0.04270842852182143,1965.359477124183,938.8888888888889,1377.173976034858,1140.3162418300653,5937.236089324619,22632.832418300655,11.848684210526315,2.1864172640662254,0.9209602205424838,1.4313725490196079,153,153,153,33,120,153,1.0,1.0,0.21568627450980393,0.7843137254901961,0.21568627450980393,0.7843137254901961,1.0
4,Financial and Insurance Services,119,0.0018257694314032342,59,4,55,0.06779661016949153,108,8,100,0.07407407407407407,6269.43,84800.0,0.07393195754716982,8768.119999999999,84800.0,0.10339764150943395,0.0467761203509216,1844.9579831932774,911.344537815126,1466.7337394957983,1231.6784453781509,5464.64850140056,21230.635714285716,11.058823529411764,2.636585955176471,0.9139285214033614,1.495798319327731,119,119,119,46,73,119,1.0,1.0,0.3865546218487395,0.6134453781512605,0.3865546218487395,0.6134453781512605,1.0
4,Government/Public Administration,305,0.004679493080487281,168,21,147,0.125,278,20,258,0.07194244604316546,15912.34,239250.0,0.06650925809822361,14357.24,239250.0,0.06000936259143155,0.04267277863208501,1756.5573770491803,922.2950819672132,1528.8583224043716,1290.9392841530055,5886.8013661202185,24337.17937704918,11.579470198675496,2.0343286057566665,0.9407761670196721,1.337704918032787,305,305,305,96,209,305,1.0,1.0,0.31475409836065577,0.6852459016393443,0.31475409836065577,0.6852459016393443,1.0
4,Health Care and Social Assistance,198,0.0030378348522507597,121,12,109,0.09917355371900827,184,16,168,0.08695652173913043,11275.0,165150.0,0.06827126854374811,11309.52,165150.0,0.06848029064486831,0.041811137614420776,1929.9242424242425,935.3535353535353,1529.4363215488215,1295.6389814814813,5974.584208754209,22759.190000000002,11.772727272727273,2.7804775569137052,0.9120997661767678,1.5252525252525253,198,198,198,46,152,198,1.0,1.0,0.23232323232323232,0.7676767676767676,0.23232323232323232,0.7676767676767676,1.0
4,Labor Dispatch/Recruitment,184,0.0028230384485562615,113,14,99,0.12389380530973451,177,10,167,0.05649717514124294,12576.67,147750.0,0.08512128595600676,14041.27,147750.0,0.09503397631133673,0.04285402460542834,1823.641304347826,890.2173913043479,1520.7384692028984,1292.2030615942028,5698.520797101449,21254.800326086955,8.779891304347826,2.781334338626374,0.887936704173913,1.641304347826087,184,184,184,50,134,184,1.0,1.0,0.2717391304347826,0.7282608695652174,0.2717391304347826,0.7282608695652174,1.0
4,Manufacturing,108,0.0016570008285004142,64,6,58,0.09375,103,7,96,0.06796116504854369,5202.48,95725.0,0.05434818490467484,10620.46,95725.0,0.11094761034212587,0.046324679623296915,2190.046296296296,1044.212962962963,1495.926450617284,1247.7307716049381,5696.048904320986,23840.17666666667,9.625,2.1368399459907406,0.9210762848981482,1.5185185185185186,108,108,108,38,70,108,1.0,1.0,0.35185185185185186,0.6481481481481481,0.35185185185185186,0.6481481481481481,1.0
4,Mining,112,0.0017183712295559851,69,14,55,0.2028985507246377,106,9,97,0.08490566037735849,10439.33,95820.0,0.10894729701523691,8121.450000000001,95820.0,0.08475735754539762,0.04564785745958363,1768.75,949.2857142857143,1891.325699404762,1620.1354464285712,6108.071860119047,27489.597321428566,13.638392857142858,3.4250073911428567,0.9429663305892857,1.4107142857142858,112,112,112,44,68,112,1.0,1.0,0.39285714285714285,0.6071428571428571,0.39285714285714285,0.6071428571428571,1.0
4,Retail Trade,320,0.0049096320844456715,174,25,149,0.14367816091954022,298,20,278,0.06711409395973154,14816.27,230446.0,0.06429389097662794,26973.36,230446.0,0.11704850594065422,0.04334682505611727,1834.140625,850.83125,1337.6328333333333,1115.7933177083335,5453.240135416667,22262.02828125,9.89655172413793,2.028317642655172,0.9350238531312499,1.39375,320,320,320,103,217,320,1.0,1.0,0.321875,0.678125,0.321875,0.678125,1.0
4,Social Services/Non-Profit Organizations,115,0.0017643990303476632,63,6,57,0.09523809523809523,104,7,97,0.0673076923076923,4269.9,91300.0,0.046767798466593645,5786.85,91300.0,0.06338280394304491,0.04184396091127437,2225.217391304348,970.6521739130435,1758.6450869565217,1524.2952173913045,6153.48556521739,22656.425217391305,10.943478260869565,3.0009904469035087,0.9289967169565218,1.4173913043478261,115,115,115,36,79,115,1.0,1.0,0.3130434782608696,0.6869565217391305,0.3130434782608696,0.6869565217391305,1.0
4,Sports/Entertainment/Gambling,71,0.0010893246187363835,39,8,31,0.20512820512820512,66,6,60,0.09090909090909091,6295.72,56775.0,0.11088894760017613,5620.68,56775.0,0.0989992073976222,0.04557022374463147,1678.5211267605634,909.5070422535211,1261.0161737089202,1027.113215962441,5416.219600938967,21022.338169014085,11.190140845070422,2.299904752253521,0.9412212285492958,1.4225352112676057,71,71,71,18,53,71,1.0,1.0,0.2535211267605634,0.7464788732394366,0.2535211267605634,0.7464788732394366,1.0
4,Technical Services/Information Media,207,0.0031759182546257938,126,17,109,0.1349206349206349,193,16,177,0.08290155440414508,13377.59,163800.0,0.08167026862026862,16630.93,163800.0,0.10153192918192919,0.04350172202533371,1844.4444444444443,924.7584541062802,1505.6227375201288,1267.5081642512075,5785.246288244765,23207.596086956524,10.85024154589372,3.114185653864078,0.9301107414589372,1.4492753623188406,207,207,207,61,146,207,1.0,1.0,0.2946859903381642,0.7053140096618358,0.2946859903381642,0.7053140096618358,1.0
4,"Transport, Postal and Warehousing",170,0.0026082420448617634,95,18,77,0.18947368421052632,159,10,149,0.06289308176100629,12367.630000000001,132725.0,0.09318236956112264,15034.16,132725.0,0.11327300809945376,0.04404288426768775,2368.676470588235,922.0588235294117,1464.7766568627449,1225.9040784313725,5736.537784313726,24016.60894117647,8.947058823529412,2.2625946721197603,0.9117350337705883,1.4588235294117646,170,170,170,38,132,170,1.0,1.0,0.2235294117647059,0.7764705882352941,0.2235294117647059,0.7764705882352941,1.0
4,Unknown,1738,0.026665439258645555,962,137,825,0.14241164241164242,1634,144,1490,0.08812729498164015,106783.16,1400581.0,0.07624204526550053,147908.76,1400581.0,0.10560528809115646,0.04363089153850921,1944.4620253164558,915.8837744533947,1516.3564019946296,1278.1373858841578,5803.71466436517,23790.085926352127,10.964244521337948,2.75945031738564,0.9148760886703107,1.5034522439585731,1738,1738,1738,516,1222,1738,1.0,1.0,0.29689298043728424,0.7031070195627158,0.29689298043728424,0.7031070195627158,1.0
4,,8872,0.13611954954125624,8744,1312,7432,0.15004574565416284,8838,801,8037,0.09063136456211812,925393.43,7577172.0,0.12212913076277007,1062721.72,7577172.0,0.14025308122872227,0.06419734139273411,1855.9062218214608,861.7275698827773,1791.3121611061015,1439.505849489029,5806.977582844905,,,,,,8872,8872,8872,4243,4629,8872,1.0,1.0,0.47824616771866546,0.5217538322813345,0.47824616771866546,0.5217538322813345,1.0
5,Accommodation and Food Services,124,0.0019024824327226978,65,13,52,0.2,117,9,108,0.07692307692307693,7720.5,68150.0,0.11328686720469552,7558.06,68150.0,0.11090330154071901,0.03950788251458747,1711.6935483870968,666.733870967742,1269.2221505376344,1097.9073118279568,4651.820403225805,15691.977983870966,8.59274193548387,2.1925601070650407,0.9203528402258064,1.4435483870967742,124,124,124,29,95,124,1.0,1.0,0.23387096774193547,0.7661290322580645,0.23387096774193547,0.7661290322580645,1.0
5,Bank-issued Payroll Distribution,313,0.004802233882598423,191,45,146,0.2356020942408377,301,41,260,0.1362126245847176,24339.260000000002,207875.0,0.11708603728202045,36400.479999999996,207875.0,0.17510754058929642,0.03852457817173829,1736.182108626198,737.8594249201278,1445.7958306709265,1262.2884398296057,5057.118647497337,17372.419616613417,8.931089743589743,3.255323036410256,0.8916385926230032,1.6166134185303513,313,313,313,65,248,313,1.0,1.0,0.20766773162939298,0.792332268370607,0.20766773162939298,0.792332268370607,1.0
5,Cleaning/Security/Property Management,127,0.001948510233514376,73,19,54,0.2602739726027397,121,22,99,0.18181818181818182,10900.789999999999,80876.0,0.13478399030614768,15750.18,80876.0,0.19474479450022256,0.03749957959251102,1755.3149606299212,716.3464566929134,1455.8138713910762,1268.3470472440945,5250.068083989502,19305.279291338586,11.724409448818898,2.7119452484645667,0.9335453787322835,1.4173228346456692,127,127,127,18,109,127,1.0,1.0,0.14173228346456693,0.8582677165354331,0.14173228346456693,0.8582677165354331,1.0
5,Construction,222,0.003406057258584185,128,29,99,0.2265625,218,20,198,0.09174311926605505,19328.879999999997,160716.0,0.12026730381542595,22918.23,160716.0,0.14260079892481148,0.03924583652701982,1781.418918918919,762.3468468468468,1764.3290615615615,1564.3196696696698,5423.93192942943,18695.510045045045,8.736486486486486,3.978975374779279,0.9064592098783784,1.545045045045045,222,222,222,49,173,222,1.0,1.0,0.22072072072072071,0.7792792792792793,0.22072072072072071,0.7792792792792793,1.0
5,Education and Training,148,0.0022707048390561233,75,22,53,0.29333333333333333,139,18,121,0.12949640287769784,8902.380000000001,98916.0,0.08999939342472402,12196.73,98916.0,0.12330391443244773,0.03751461673195686,1796.9594594594594,753.4864864864865,1261.440653153153,1072.9189864864866,5339.757759009008,17680.886283783784,11.179054054054054,1.9568434118911564,0.9297592322364865,1.3175675675675675,148,148,148,31,117,148,1.0,1.0,0.20945945945945946,0.7905405405405406,0.20945945945945946,0.7905405405405406,1.0
5,Financial and Insurance Services,99,0.0015189174261253798,60,9,51,0.15,95,16,79,0.16842105263157894,7437.409999999999,72425.0,0.10269119779081808,11263.2,72425.0,0.15551536071798414,0.03873187993400279,1808.8383838383838,784.5959595959596,1390.1554377104378,1196.4300505050503,5396.190572390573,17283.654444444444,11.18041237113402,3.122802824061856,0.9217728605656565,1.4444444444444444,99,99,99,21,78,99,1.0,1.0,0.21212121212121213,0.7878787878787878,0.21212121212121213,0.7878787878787878,1.0
5,Government/Public Administration,293,0.004495381877320568,190,48,142,0.25263157894736843,283,38,245,0.13427561837455831,30362.72,205925.0,0.14744552628384122,32610.27,205925.0,0.15835993687021974,0.03923654553237146,1605.0341296928327,765.5290102389079,1533.1538907849829,1332.5818600682594,5409.035932878271,20256.620887372013,11.902397260273972,2.6887657912620693,0.944916088430034,1.3310580204778157,293,293,293,50,243,293,1.0,1.0,0.17064846416382254,0.8293515358361775,0.17064846416382254,0.8293515358361775,1.0
5,Health Care and Social Assistance,164,0.0025161864432784067,95,22,73,0.23157894736842105,156,15,141,0.09615384615384616,13945.720000000001,106826.0,0.13054612173066482,12826.029999999999,106826.0,0.12006468462733791,0.038184341862815926,1831.4024390243903,745.1280487804878,1283.992032520325,1096.3667581300813,5161.927042682926,17892.908780487804,11.932926829268293,2.3836076941963196,0.9319703955731709,1.4024390243902438,164,164,164,32,132,164,1.0,1.0,0.1951219512195122,0.8048780487804879,0.1951219512195122,0.8048780487804879,1.0
5,Labor Dispatch/Recruitment,214,0.003283316456473043,135,34,101,0.2518518518518518,207,26,181,0.12560386473429952,21520.15,155375.0,0.13850458567980692,28303.68,155375.0,0.18216366854384552,0.03847505599478979,1978.3878504672898,790.5373831775701,1529.6280919003113,1344.286464174455,5107.130288161993,15796.061588785045,7.387323943661972,4.045854432306603,0.8663684070747665,1.794392523364486,214,214,214,43,171,214,1.0,1.0,0.20093457943925233,0.7990654205607477,0.20093457943925233,0.7990654205607477,1.0
5,Manufacturing,109,0.001672343428764307,66,11,55,0.16666666666666666,104,6,98,0.057692307692307696,8564.83,77325.0,0.11076404784998384,8692.17,77325.0,0.11241086323957324,0.03999384279911789,1978.211009174312,748.8532110091743,1292.502140672783,1102.8144495412844,4951.1637003058095,19236.793486238534,9.61574074074074,2.755442632953703,0.9314430782568808,1.4036697247706422,109,109,109,15,94,109,1.0,1.0,0.13761467889908258,0.8623853211009175,0.13761467889908258,0.8623853211009175,1.0
5,Mining,90,0.0013808340237503453,56,8,48,0.14285714285714285,89,14,75,0.15730337078651685,8225.76,69725.0,0.11797432771602726,12186.7,69725.0,0.17478235926855504,0.03895273814121101,1614.4444444444443,823.0555555555555,1649.2341666666662,1436.362296296296,5876.763148148147,21189.110555555555,13.337078651685394,3.103153630976745,0.9265878944,1.4111111111111112,90,90,90,25,65,90,1.0,1.0,0.2777777777777778,0.7222222222222222,0.2777777777777778,0.7222222222222222,1.0
5,Retail Trade,353,0.005415937893154131,197,46,151,0.233502538071066,341,33,308,0.0967741935483871,29037.14,221400.0,0.1311523938572719,39891.229999999996,221400.0,0.18017719060523937,0.039095282978409175,1580.240793201133,724.929178470255,1267.9511331444758,1086.2981680830972,5019.836449480642,18457.455269121812,10.002832861189802,1.8253516376448864,0.9541050801954675,1.3059490084985836,353,353,353,75,278,353,1.0,1.0,0.21246458923512748,0.7875354107648725,0.21246458923512748,0.7875354107648725,1.0
5,Social Services/Non-Profit Organizations,121,0.0018564546319310197,80,17,63,0.2125,118,11,107,0.09322033898305085,12839.72,90800.0,0.1414066079295154,14142.07,90800.0,0.15574966960352424,0.036749967335601756,1751.6528925619834,780.5785123966942,1364.3793663911845,1180.5892699724518,5257.744352617081,16250.185619834709,10.87190082644628,3.453550904264463,0.8957815033140495,1.5289256198347108,121,121,121,18,103,121,1.0,1.0,0.1487603305785124,0.8512396694214877,0.1487603305785124,0.8512396694214877,1.0
5,Sports/Entertainment/Gambling,75,0.0011506950197919543,44,9,35,0.20454545454545456,72,5,67,0.06944444444444445,7293.76,49350.0,0.1477965552178318,7477.280000000001,49350.0,0.15151529888551166,0.03744652550353163,1615.0,753.3333333333334,1484.4552666666666,1296.6347333333333,5304.459333333333,16919.570133333335,10.89864864864865,2.652812484067568,0.8932491229066667,1.6666666666666667,75,75,75,14,61,75,1.0,1.0,0.18666666666666668,0.8133333333333334,0.18666666666666668,0.8133333333333334,1.0
5,Technical Services/Information Media,193,0.0029611218509312956,119,25,94,0.21008403361344538,185,25,160,0.13513513513513514,14235.560000000001,125776.0,0.11318184709324515,26234.22,125776.0,0.20857890217529576,0.039181842338332655,1749.6113989637306,742.880829015544,1498.8064853195162,1308.3122538860102,5160.449801381693,18073.34316062176,10.095854922279793,2.9528125234300524,0.9103682387461141,1.5025906735751295,193,193,193,37,156,193,1.0,1.0,0.19170984455958548,0.8082901554404145,0.19170984455958548,0.8082901554404145,1.0
5,"Transport, Postal and Warehousing",134,0.002055908435361625,70,9,61,0.12857142857142856,126,14,112,0.1111111111111111,6028.52,87175.0,0.06915422999713221,15393.740000000002,87175.0,0.1765843418411242,0.039906722971174306,2165.6716417910447,767.723880597015,1403.647027363184,1212.7463930348258,5114.45369402985,18054.91514925373,8.404580152671755,2.6257974124427483,0.9256060734776118,1.3805970149253732,134,134,134,23,111,134,1.0,1.0,0.17164179104477612,0.8283582089552238,0.17164179104477612,0.8283582089552238,1.0
5,Unknown,1583,0.02428733621774218,953,222,731,0.23294858342077648,1492,182,1310,0.12198391420911528,159813.69,1102252.0,0.1449883420488237,201805.81999999998,1102252.0,0.1830850114129981,0.039857808017314894,1784.3821857233102,775.3644977890082,1376.1777005685406,1180.9998231206569,5200.9434101916195,18832.005053695513,10.386464263124605,2.9105508139134306,0.9253555282867973,1.4655716993051169,1583,1583,1583,318,1265,1583,1.0,1.0,0.20088439671509792,0.799115603284902,0.20088439671509792,0.799115603284902,1.0
5,,8816,0.13526036392647825,8695,2102,6593,0.24174813110983323,8790,1300,7490,0.14789533560864618,1059155.46,6089129.0,0.17394203013271684,1270985.22,6089129.0,0.2087302174087624,0.06193244772860268,1641.9902450090744,695.6872731397459,1691.4137622882636,1381.2643698956442,5318.780090176951,,,,,,8816,8816,8816,3132,5684,8816,1.0,1.0,0.35526315789473684,0.6447368421052632,0.35526315789473684,0.6447368421052632,1.0
